./Train/Button/uuJJl5413.png,Button
./Train/Button/sVTus4988.png,Button
./Train/Button/nqEAt5564.png,Button
./Train/Button/yfjDU5870.png,Button
./Train/Button/oowyo6313.png,Button
./Train/Button/Gvret9379.png,Button
./Train/Button/DjtKv7246.png,Button
./Train/Button/TNerz148.png,Button
./Train/Button/geGcz6945.png,Button
./Train/Button/nOGDP9969.png,Button
./Train/Button/JToSL1486.png,Button
./Train/Button/IhQNa9181.png,Button
./Train/Button/JBgkQ1221.png,Button
./Train/Button/tWYtv9769.png,Button
./Train/Button/JXrHQ1296.png,Button
./Train/Line/mnBuR5160.png,Line
./Train/Line/AoVOD8329.png,Line
./Train/Line/uxPqO8012.png,Line
./Train/Line/KDQkj434.png,Line
./Train/Line/RKLiy2147.png,Line
./Train/Line/RdPRv4491.png,Line
./Train/Line/iIjLs3586.png,Line
./Train/Line/NmShz4147.png,Line
./Train/Line/LzvME4039.png,Line
./Train/Line/uoIFm1242.png,Line
./Train/Line/XaIgK218.png,Line
./Train/Line/rhPQc6619.png,Line
./Train/Line/WTMwd8747.png,Line
./Train/Line/gjrPv4012.png,Line
./Train/Line/ERUjm3964.png,Line
./Train/Image/iaOua4204.png,Image
./Train/Image/hWGrM7217.png,Image
./Train/Image/NdhDK4426.png,Image
./Train/Image/JVqsX1452.png,Image
./Train/Image/xXsWI705.png,Image
./Train/Image/JHZqY7484.png,Image
./Train/Image/MXXes4263.png,Image
./Train/Image/QyxCv6907.png,Image
./Train/Image/opMTT6180.png,Image
./Train/Image/iKMGw8068.png,Image
./Train/Image/cVptQ4845.png,Image
./Train/Image/JRazB2106.png,Image
./Train/Image/IbLvt3328.png,Image
./Train/Image/EycjE5020.png,Image
./Train/Image/IYfXd329.png,Image
./Train/Text/yozjx9264.png,Text
./Train/Text/cSlwc6778.png,Text
./Train/Text/cpInP1391.png,Text
./Train/Text/MrFPb4843.png,Text
./Train/Text/IGEdo7985.png,Text
./Train/Text/bkNLv1679.png,Text
./Train/Text/ZiBqB1213.png,Text
./Train/Text/batum5523.png,Text
./Train/Text/siDKN9358.png,Text
./Train/Text/tTMFr8811.png,Text
./Train/Text/JVyJC7479.png,Text
./Train/Text/QGdFJ825.png,Text
./Train/Text/WZLDm2503.png,Text
./Train/Text/SQABd4895.png,Text
./Train/Text/VXzLI3449.png,Text
